"species","up_otherwild","up_progenitor","chisq","t","wilcox"
"Brassica montana",35,28,0.378,0.333,0.131154214164556
"Brassica cretica",31,32,0.9,0.809,0.653850241303793
"Brassica macrocarpa",32,31,0.9,0.658,0.254337826455094
"Brassica rupestris",25,38,0.101,0.894,0.221696440419784
"Brassica incana",24,39,0.0588,0.431,0.357154332006384
"Brassica villosa",29,34,0.529,0.848,0.991806542862495
